Category,Name,Tagline,Description,Links
Closed source,Have anything to add?
Closed source,Want to use E2B with your AI product?
Open source,Adala
Open source,Agent4Rec
Open source,AgentForge
Open source,AgentGPT
Open source,AgentPilot
Open source,Agents
Open source,AgentVerse
Open source,AI Legion
Open source,Aider
Open source,AutoGen
Open source,AutoGPT
Open source,Automata
Open source,AutoPR
Open source,Autonomous HR Chatbot
Open source,BabyAGI
Open source,BabyBeeAGI
Open source,BabyCatAGI
Open source,BabyDeerAGI
Open source,BabyElfAGI
Open source,BabyCommandAGI
Open source,BabyFoxAGI
Open source,BambooAI
Open source,BeeBot
Open source,Bloop
Open source,BondAI
Open source,Cal.ai
Open source,CAMEL
Open source,ChatDev
Open source,ChemCrow
Open source,Clippy
Open source,Cody by ajhous44
Open source,Cody by Sourcegraph
Open source,Continue
Open source,Databerry
Open source,DemoGPT
Open source,Description
Open source,Links
Open source,DevGPT
Open source,DevOpsGPT
Open source,dotagent
Open source,English Compiler
Open source,Friday
Open source,GeniA
Open source,Godmode
Open source,Description
Open source,Links
Open source,GPT Engineer
Open source,GPT Migrate
Open source,GPT Pilot
Open source,GPT Researcher
Open source,GPT Runner
Open source,IX
Open source,JARVIS
Open source,Langroid
Open source,Lemon Agent
Open source,LLM Agents
Open source,Local GPT
Open source,Loop GPT
Open source,LocalGPT
Open source,MemGPT
Open source,Mentat
Open source,MetaGPT
Open source,Mini AGI
Open source,Multiagent Debate
Open source,Multi GPT
Open source,OpenAgents
Open source,OpenAGI
Open source,Open Interpreter
Open source,Pezzo
Open source,Private GPT
Open source,PromethAI
Open source,React Agent
Open source,Description
Open source,Links
Open source,Smol developer
Open source,:eight_pointed_black_star: Superagent
Open source,SuperAGI
Open source,Suspicion Agent
Open source,Sweep
Open source,Taxy AI
Open source,Teenage AGI
Open source,“Westworld” simulation
Open source,Voyager
Open source,WorkGPT
Open source,XAgent
Open source,yAgents
Open source,Yourgoal
Closed source,Ability AI
Closed source,Adept AI
Closed source,AgentScale
Closed source,Aide by Codestory
Closed source,AilaFlow
Closed source,Airkit.ai
Closed source,Airplane Autopilot
Closed source,Aomni
Closed source,Artisian AI
Closed source,BitBuilder
Closed source,broadn
Closed source,Butternut AI
Closed source,Codegen
Closed source,Codium AI
Closed source,Commit
Closed source,Cognosys
Closed source,Cursor
Closed source,Cykel
Closed source,Diagram
Closed source,Dot
Closed source,Duckie AI
Closed source,encode
Closed source,Factory
Closed source,Fine
Closed source,Fine Tuner
Closed source,Fixie
Closed source,Floode
Closed source,GitHub Copilot X
Closed source,GitLab Duo
Closed source,GitWit
Closed source,GoCharlie
Closed source,Graphlit
Closed source,Grit
Closed source,Heights Platform
Closed source,Hex Magic
Closed source,Heymoon.ai
Closed source,Instrukt
Closed source,Julius
Closed source,Kadoa
Closed source,Lindy
Closed source,Minion AI
Closed source,MultiOn
Closed source,Mutable AI
Closed source,Naut
Closed source,Otherside's AI Assistant
Closed source,Phind
Closed source,Proficient AI
Closed source,Questflow
Closed source,Saga
Closed source,Second
Closed source,Spell
Closed source,Superluminal
Closed source,TalktoData
Closed source,Taskade
Closed source,ThinkChain AI
Closed source,Tusk
Closed source,v0 by Vercel
Closed source,Wispy
Closed source,:eight_pointed_black_star: AI apps & agents with sandbox integration or native support
Closed source,Want to use E2B with your AI product?
Closed source,Join the community
